STATION,NAME,DATE,PRCP,TMAX,TMIN,COUNT
USC00218450,"UNIVERSITY OF MN ST. PAUL, MN US",01/01/2017,0.0,26,18,0
USC00218450,"UNIVERSITY OF MN ST. PAUL, MN US",01/02/2017,0.0,31,20,0
USC00218450,"UNIVERSITY OF MN ST. PAUL, MN US",01/03/2017,0.01,30,25,0
USC00218450,"UNIVERSITY OF MN ST. PAUL, MN US",01/04/2017,0.0,25,-6,0
USC00218450,"UNIVERSITY OF MN ST. PAUL, MN US",01/05/2017,0.01,2,-8,0
USC00218450,"UNIVERSITY OF MN ST. PAUL, MN US",01/06/2017,0.0,0,-11,0
USC00218450,"UNIVERSITY OF MN ST. PAUL, MN US",01/07/2017,0.0,5,-11,0
USC00218450,"UNIVERSITY OF MN ST. PAUL, MN US",01/08/2017,0.0,7,-5,0
USC00218450,"UNIVERSITY OF MN ST. PAUL, MN US",01/09/2017,0.0,17,-5,0
USC00218450,"UNIVERSITY OF MN ST. PAUL, MN US",01/10/2017,0.16,25,15,0
USC00218450,"UNIVERSITY OF MN ST. PAUL, MN US",01/11/2017,0.22,25,2,0
USC00218450,"UNIVERSITY OF MN ST. PAUL, MN US",01/12/2017,0.04,8,2,0
USC00218450,"UNIVERSITY OF MN ST. PAUL, MN US",01/13/2017,0.0,12,-10,0
USC00218450,"UNIVERSITY OF MN ST. PAUL, MN US",01/14/2017,0.0,8,-9,0
USC00218450,"UNIVERSITY OF MN ST. PAUL, MN US",01/15/2017,0.0,22,2,0
USC00218450,"UNIVERSITY OF MN ST. PAUL, MN US",01/16/2017,0.0,32,3,0
USC00218450,"UNIVERSITY OF MN ST. PAUL, MN US",01/17/2017,0.27,30,11,0
USC00218450,"UNIVERSITY OF MN ST. PAUL, MN US",01/18/2017,0.0,34,25,0
USC00218450,"UNIVERSITY OF MN ST. PAUL, MN US",01/19/2017,0.0,40,26,0
USC00218450,"UNIVERSITY OF MN ST. PAUL, MN US",01/20/2017,0.0,37,29,0
USC00218450,"UNIVERSITY OF MN ST. PAUL, MN US",01/21/2017,0.0,35,33,0
USC00218450,"UNIVERSITY OF MN ST. PAUL, MN US",01/22/2017,0.02,36,33,0
USC00218450,"UNIVERSITY OF MN ST. PAUL, MN US",01/23/2017,0.0,38,32,0
USC00218450,"UNIVERSITY OF MN ST. PAUL, MN US",01/24/2017,0.0,33,29,0
USC00218450,"UNIVERSITY OF MN ST. PAUL, MN US",01/25/2017,0.06,31,28,0
USC00218450,"UNIVERSITY OF MN ST. PAUL, MN US",01/26/2017,0.01,28,26,0
USC00218450,"UNIVERSITY OF MN ST. PAUL, MN US",01/27/2017,0.0,27,18,0
USC00218450,"UNIVERSITY OF MN ST. PAUL, MN US",01/28/2017,0.0,29,17,0
USC00218450,"UNIVERSITY OF MN ST. PAUL, MN US",01/29/2017,0.0,25,22,0
USC00218450,"UNIVERSITY OF MN ST. PAUL, MN US",01/30/2017,0.02,26,14,0
USC00218450,"UNIVERSITY OF MN ST. PAUL, MN US",01/31/2017,0.11,39,18,0
USC00218450,"UNIVERSITY OF MN ST. PAUL, MN US",02/01/2017,0.01,36,14,0
USC00218450,"UNIVERSITY OF MN ST. PAUL, MN US",02/02/2017,0.0,16,6,0
USC00218450,"UNIVERSITY OF MN ST. PAUL, MN US",02/03/2017,0.0,16,6,0
USC00218450,"UNIVERSITY OF MN ST. PAUL, MN US",02/04/2017,0.0,32,5,0
USC00218450,"UNIVERSITY OF MN ST. PAUL, MN US",02/05/2017,0.0,33,17,0
USC00218450,"UNIVERSITY OF MN ST. PAUL, MN US",02/06/2017,0.0,24,16,0
USC00218450,"UNIVERSITY OF MN ST. PAUL, MN US",02/07/2017,0.0,30,17,0
USC00218450,"UNIVERSITY OF MN ST. PAUL, MN US",02/08/2017,0.01,24,0,0
USC00218450,"UNIVERSITY OF MN ST. PAUL, MN US",02/09/2017,0.0,12,-2,0
USC00218450,"UNIVERSITY OF MN ST. PAUL, MN US",02/10/2017,0.0,19,1,0
USC00218450,"UNIVERSITY OF MN ST. PAUL, MN US",02/11/2017,0.0,44,19,0
USC00218450,"UNIVERSITY OF MN ST. PAUL, MN US",02/12/2017,0.02,43,29,0
USC00218450,"UNIVERSITY OF MN ST. PAUL, MN US",02/13/2017,0.0,37,27,0
USC00218450,"UNIVERSITY OF MN ST. PAUL, MN US",02/14/2017,0.0,45,27,0
USC00218450,"UNIVERSITY OF MN ST. PAUL, MN US",02/15/2017,0.0,40,18,0
USC00218450,"UNIVERSITY OF MN ST. PAUL, MN US",02/16/2017,0.0,34,18,0
USC00218450,"UNIVERSITY OF MN ST. PAUL, MN US",02/17/2017,0.0,39,28,0
USC00218450,"UNIVERSITY OF MN ST. PAUL, MN US",02/18/2017,0.0,61,30,0
USC00218450,"UNIVERSITY OF MN ST. PAUL, MN US",02/19/2017,0.0,57,31,0
USC00218450,"UNIVERSITY OF MN ST. PAUL, MN US",02/20/2017,0.0,56,33,0
USC00218450,"UNIVERSITY OF MN ST. PAUL, MN US",02/21/2017,0.66,53,33,0
USC00218450,"UNIVERSITY OF MN ST. PAUL, MN US",02/22/2017,0.0,61,31,0
USC00218450,"UNIVERSITY OF MN ST. PAUL, MN US",02/23/2017,0.0,56,30,0
USC00218450,"UNIVERSITY OF MN ST. PAUL, MN US",02/24/2017,0.0,35,23,0
USC00218450,"UNIVERSITY OF MN ST. PAUL, MN US",02/25/2017,0.0,25,13,0
USC00218450,"UNIVERSITY OF MN ST. PAUL, MN US",02/26/2017,0.0,30,13,0
USC00218450,"UNIVERSITY OF MN ST. PAUL, MN US",02/27/2017,0.0,35,22,0
USC00218450,"UNIVERSITY OF MN ST. PAUL, MN US",02/28/2017,0.0,43,22,0
USC00218450,"UNIVERSITY OF MN ST. PAUL, MN US",03/01/2017,0.04,43,24,0
USC00218450,"UNIVERSITY OF MN ST. PAUL, MN US",03/02/2017,0.01,34,16,0
USC00218450,"UNIVERSITY OF MN ST. PAUL, MN US",03/03/2017,0.0,27,10,0
USC00218450,"UNIVERSITY OF MN ST. PAUL, MN US",03/04/2017,0.0,29,10,0
USC00218450,"UNIVERSITY OF MN ST. PAUL, MN US",03/05/2017,0.0,40,25,0
USC00218450,"UNIVERSITY OF MN ST. PAUL, MN US",03/06/2017,0.0,56,35,0
USC00218450,"UNIVERSITY OF MN ST. PAUL, MN US",03/07/2017,0.08,61,26,0
USC00218450,"UNIVERSITY OF MN ST. PAUL, MN US",03/08/2017,0.0,45,23,0
USC00218450,"UNIVERSITY OF MN ST. PAUL, MN US",03/09/2017,0.0,31,21,0
USC00218450,"UNIVERSITY OF MN ST. PAUL, MN US",03/10/2017,0.0,27,3,0
USC00218450,"UNIVERSITY OF MN ST. PAUL, MN US",03/11/2017,0.0,16,2,0
USC00218450,"UNIVERSITY OF MN ST. PAUL, MN US",03/12/2017,0.0,20,6,0
USC00218450,"UNIVERSITY OF MN ST. PAUL, MN US",03/13/2017,0.11,28,12,0
USC00218450,"UNIVERSITY OF MN ST. PAUL, MN US",03/14/2017,0.0,29,12,0
USC00218450,"UNIVERSITY OF MN ST. PAUL, MN US",03/15/2017,0.0,32,11,0
USC00218450,"UNIVERSITY OF MN ST. PAUL, MN US",03/16/2017,0.0,30,11,0
USC00218450,"UNIVERSITY OF MN ST. PAUL, MN US",03/17/2017,0.0,40,20,0
USC00218450,"UNIVERSITY OF MN ST. PAUL, MN US",03/18/2017,0.0,42,28,0
USC00218450,"UNIVERSITY OF MN ST. PAUL, MN US",03/19/2017,0.0,40,28,0
USC00218450,"UNIVERSITY OF MN ST. PAUL, MN US",03/20/2017,0.0,52,29,0
USC00218450,"UNIVERSITY OF MN ST. PAUL, MN US",03/21/2017,0.0,53,26,0
USC00218450,"UNIVERSITY OF MN ST. PAUL, MN US",03/22/2017,0.0,33,18,0
USC00218450,"UNIVERSITY OF MN ST. PAUL, MN US",03/23/2017,0.0,38,19,0
USC00218450,"UNIVERSITY OF MN ST. PAUL, MN US",03/24/2017,0.18,38,35,0
USC00218450,"UNIVERSITY OF MN ST. PAUL, MN US",03/25/2017,0.0,42,35,0
USC00218450,"UNIVERSITY OF MN ST. PAUL, MN US",03/26/2017,0.12,40,34,0
USC00218450,"UNIVERSITY OF MN ST. PAUL, MN US",03/27/2017,0.0,41,34,0
USC00218450,"UNIVERSITY OF MN ST. PAUL, MN US",03/28/2017,0.0,56,31,0
USC00218450,"UNIVERSITY OF MN ST. PAUL, MN US",03/29/2017,0.0,61,32,0
USC00218450,"UNIVERSITY OF MN ST. PAUL, MN US",03/30/2017,0.04,48,37,0
USC00218450,"UNIVERSITY OF MN ST. PAUL, MN US",03/31/2017,0.0,46,30,0
USC00218450,"UNIVERSITY OF MN ST. PAUL, MN US",04/01/2017,0.0,54,30,0
USC00218450,"UNIVERSITY OF MN ST. PAUL, MN US",04/02/2017,0.0,63,34,0
USC00218450,"UNIVERSITY OF MN ST. PAUL, MN US",04/03/2017,0.0,53,43,543
USC00218450,"UNIVERSITY OF MN ST. PAUL, MN US",04/04/2017,0.05,49,42,1385
USC00218450,"UNIVERSITY OF MN ST. PAUL, MN US",04/05/2017,0.0,59,36,1205
USC00218450,"UNIVERSITY OF MN ST. PAUL, MN US",04/06/2017,0.0,52,33,1305
USC00218450,"UNIVERSITY OF MN ST. PAUL, MN US",04/07/2017,0.0,52,29,1659
USC00218450,"UNIVERSITY OF MN ST. PAUL, MN US",04/08/2017,0.0,58,32,2858
USC00218450,"UNIVERSITY OF MN ST. PAUL, MN US",04/09/2017,0.0,69,47,1600
USC00218450,"UNIVERSITY OF MN ST. PAUL, MN US",04/10/2017,0.21,70,42,656
USC00218450,"UNIVERSITY OF MN ST. PAUL, MN US",04/11/2017,0.38,43,29,1078
USC00218450,"UNIVERSITY OF MN ST. PAUL, MN US",04/12/2017,0.0,50,30,893
USC00218450,"UNIVERSITY OF MN ST. PAUL, MN US",04/13/2017,0.21,54,42,1325
USC00218450,"UNIVERSITY OF MN ST. PAUL, MN US",04/14/2017,0.0,52,43,1306
USC00218450,"UNIVERSITY OF MN ST. PAUL, MN US",04/15/2017,0.5,62,46,1481
USC00218450,"UNIVERSITY OF MN ST. PAUL, MN US",04/16/2017,0.38,70,45,2137
USC00218450,"UNIVERSITY OF MN ST. PAUL, MN US",04/17/2017,0.0,62,42,1822
USC00218450,"UNIVERSITY OF MN ST. PAUL, MN US",04/18/2017,0.0,56,42,920
USC00218450,"UNIVERSITY OF MN ST. PAUL, MN US",04/19/2017,0.24,62,42,782
USC00218450,"UNIVERSITY OF MN ST. PAUL, MN US",04/20/2017,0.85,50,38,1000
USC00218450,"UNIVERSITY OF MN ST. PAUL, MN US",04/21/2017,0.0,48,35,2193
USC00218450,"UNIVERSITY OF MN ST. PAUL, MN US",04/22/2017,0.0,60,39,3459
USC00218450,"UNIVERSITY OF MN ST. PAUL, MN US",04/23/2017,0.0,67,44,2640
USC00218450,"UNIVERSITY OF MN ST. PAUL, MN US",04/24/2017,0.0,66,45,1603
USC00218450,"UNIVERSITY OF MN ST. PAUL, MN US",04/25/2017,0.0,70,51,982
USC00218450,"UNIVERSITY OF MN ST. PAUL, MN US",04/26/2017,0.86,59,34,703
USC00218450,"UNIVERSITY OF MN ST. PAUL, MN US",04/27/2017,0.0,38,30,741
USC00218450,"UNIVERSITY OF MN ST. PAUL, MN US",04/28/2017,0.0,35,30,1381
USC00218450,"UNIVERSITY OF MN ST. PAUL, MN US",04/29/2017,0.0,48,34,1664
USC00218450,"UNIVERSITY OF MN ST. PAUL, MN US",04/30/2017,0.0,53,37,373
USC00218450,"UNIVERSITY OF MN ST. PAUL, MN US",05/01/2017,0.98,45,34,434
USC00218450,"UNIVERSITY OF MN ST. PAUL, MN US",05/02/2017,0.3,39,32,1533
USC00218450,"UNIVERSITY OF MN ST. PAUL, MN US",05/03/2017,0.0,60,39,1803
USC00218450,"UNIVERSITY OF MN ST. PAUL, MN US",05/04/2017,0.0,64,43,2118
USC00218450,"UNIVERSITY OF MN ST. PAUL, MN US",05/05/2017,0.0,67,44,2611
USC00218450,"UNIVERSITY OF MN ST. PAUL, MN US",05/06/2017,0.0,77,41,3173
USC00218450,"UNIVERSITY OF MN ST. PAUL, MN US",05/07/2017,0.0,66,44,2610
USC00218450,"UNIVERSITY OF MN ST. PAUL, MN US",05/08/2017,0.0,65,44,1784
USC00218450,"UNIVERSITY OF MN ST. PAUL, MN US",05/09/2017,0.2,69,46,1902
USC00218450,"UNIVERSITY OF MN ST. PAUL, MN US",05/10/2017,0.01,70,48,1956
USC00218450,"UNIVERSITY OF MN ST. PAUL, MN US",05/11/2017,0.0,66,46,2561
USC00218450,"UNIVERSITY OF MN ST. PAUL, MN US",05/12/2017,0.0,66,44,2562
USC00218450,"UNIVERSITY OF MN ST. PAUL, MN US",05/13/2017,0.0,75,48,3558
USC00218450,"UNIVERSITY OF MN ST. PAUL, MN US",05/14/2017,0.0,80,54,2842
USC00218450,"UNIVERSITY OF MN ST. PAUL, MN US",05/15/2017,0.0,83,61,1726
USC00218450,"UNIVERSITY OF MN ST. PAUL, MN US",05/16/2017,0.63,69,58,1623
USC00218450,"UNIVERSITY OF MN ST. PAUL, MN US",05/17/2017,0.94,81,62,843
USC00218450,"UNIVERSITY OF MN ST. PAUL, MN US",05/18/2017,1.89,69,46,1194
USC00218450,"UNIVERSITY OF MN ST. PAUL, MN US",05/19/2017,0.02,53,42,1445
USC00218450,"UNIVERSITY OF MN ST. PAUL, MN US",05/20/2017,0.0,53,42,211
USC00218450,"UNIVERSITY OF MN ST. PAUL, MN US",05/21/2017,1.32,50,40,665
USC00218450,"UNIVERSITY OF MN ST. PAUL, MN US",05/22/2017,0.06,50,43,1947
USC00218450,"UNIVERSITY OF MN ST. PAUL, MN US",05/23/2017,0.04,64,48,1446
USC00218450,"UNIVERSITY OF MN ST. PAUL, MN US",05/24/2017,0.03,60,45,1756
USC00218450,"UNIVERSITY OF MN ST. PAUL, MN US",05/25/2017,0.0,61,47,2092
USC00218450,"UNIVERSITY OF MN ST. PAUL, MN US",05/26/2017,0.04,70,52,2630
USC00218450,"UNIVERSITY OF MN ST. PAUL, MN US",05/27/2017,0.0,80,52,3684
USC00218450,"UNIVERSITY OF MN ST. PAUL, MN US",05/28/2017,0.0,72,56,3330
USC00218450,"UNIVERSITY OF MN ST. PAUL, MN US",05/29/2017,0.05,73,52,1475
USC00218450,"UNIVERSITY OF MN ST. PAUL, MN US",05/30/2017,0.03,64,51,1439
USC00218450,"UNIVERSITY OF MN ST. PAUL, MN US",05/31/2017,0.0,59,49,2212
USC00218450,"UNIVERSITY OF MN ST. PAUL, MN US",06/01/2017,0.0,73,45,2303
USC00218450,"UNIVERSITY OF MN ST. PAUL, MN US",06/02/2017,0.0,79,56,2616
USC00218450,"UNIVERSITY OF MN ST. PAUL, MN US",06/03/2017,0.0,88,64,2926
USC00218450,"UNIVERSITY OF MN ST. PAUL, MN US",06/04/2017,0.0,89,62,2664
USC00218450,"UNIVERSITY OF MN ST. PAUL, MN US",06/05/2017,0.0,87,57,2403
USC00218450,"UNIVERSITY OF MN ST. PAUL, MN US",06/06/2017,0.0,84,53,2484
USC00218450,"UNIVERSITY OF MN ST. PAUL, MN US",06/07/2017,0.0,80,58,2471
USC00218450,"UNIVERSITY OF MN ST. PAUL, MN US",06/08/2017,0.01,86,66,2523
USC00218450,"UNIVERSITY OF MN ST. PAUL, MN US",06/09/2017,0.0,81,60,2721
USC00218450,"UNIVERSITY OF MN ST. PAUL, MN US",06/10/2017,0.0,83,65,2843
USC00218450,"UNIVERSITY OF MN ST. PAUL, MN US",06/11/2017,0.0,93,70,1513
USC00218450,"UNIVERSITY OF MN ST. PAUL, MN US",06/12/2017,0.89,73,55,1742
USC00218450,"UNIVERSITY OF MN ST. PAUL, MN US",06/13/2017,0.32,80,64,2318
USC00218450,"UNIVERSITY OF MN ST. PAUL, MN US",06/14/2017,0.21,88,66,2366
USC00218450,"UNIVERSITY OF MN ST. PAUL, MN US",06/15/2017,0.0,83,66,2647
USC00218450,"UNIVERSITY OF MN ST. PAUL, MN US",06/16/2017,0.0,84,63,2796
USC00218450,"UNIVERSITY OF MN ST. PAUL, MN US",06/17/2017,0.0,83,61,3028
USC00218450,"UNIVERSITY OF MN ST. PAUL, MN US",06/18/2017,0.24,82,59,2725
USC00218450,"UNIVERSITY OF MN ST. PAUL, MN US",06/19/2017,0.0,71,59,2635
USC00218450,"UNIVERSITY OF MN ST. PAUL, MN US",06/20/2017,0.17,71,57,2458
USC00218450,"UNIVERSITY OF MN ST. PAUL, MN US",06/21/2017,0.0,73,55,2846
USC00218450,"UNIVERSITY OF MN ST. PAUL, MN US",06/22/2017,0.11,80,62,1301
USC00218450,"UNIVERSITY OF MN ST. PAUL, MN US",06/23/2017,0.48,70,56,2655
USC00218450,"UNIVERSITY OF MN ST. PAUL, MN US",06/24/2017,0.0,70,52,2769
USC00218450,"UNIVERSITY OF MN ST. PAUL, MN US",06/25/2017,0.0,64,52,2910
USC00218450,"UNIVERSITY OF MN ST. PAUL, MN US",06/26/2017,0.03,66,48,2818
USC00218450,"UNIVERSITY OF MN ST. PAUL, MN US",06/27/2017,0.0,69,51,3285
USC00218450,"UNIVERSITY OF MN ST. PAUL, MN US",06/28/2017,0.54,75,56,1926
USC00218450,"UNIVERSITY OF MN ST. PAUL, MN US",06/29/2017,0.11,79,61,3286
USC00218450,"UNIVERSITY OF MN ST. PAUL, MN US",06/30/2017,0.05,74,58,3036
USC00218450,"UNIVERSITY OF MN ST. PAUL, MN US",07/01/2017,0.0,77,60,4193
USC00218450,"UNIVERSITY OF MN ST. PAUL, MN US",07/02/2017,0.0,74,63,4602
USC00218450,"UNIVERSITY OF MN ST. PAUL, MN US",07/03/2017,0.0,78,57,4147
USC00218450,"UNIVERSITY OF MN ST. PAUL, MN US",07/04/2017,0.0,81,64,4288
USC00218450,"UNIVERSITY OF MN ST. PAUL, MN US",07/05/2017,0.1,85,66,2588
USC00218450,"UNIVERSITY OF MN ST. PAUL, MN US",07/06/2017,0.0,90,72,2513
USC00218450,"UNIVERSITY OF MN ST. PAUL, MN US",07/07/2017,0.0,91,65,3150
USC00218450,"UNIVERSITY OF MN ST. PAUL, MN US",07/08/2017,0.0,80,57,4016
USC00218450,"UNIVERSITY OF MN ST. PAUL, MN US",07/09/2017,0.0,80,65,2774
USC00218450,"UNIVERSITY OF MN ST. PAUL, MN US",07/10/2017,0.0,82,67,2694
USC00218450,"UNIVERSITY OF MN ST. PAUL, MN US",07/11/2017,0.0,83,60,2706
USC00218450,"UNIVERSITY OF MN ST. PAUL, MN US",07/12/2017,0.04,84,66,2758
USC00218450,"UNIVERSITY OF MN ST. PAUL, MN US",07/13/2017,0.0,84,55,2677
USC00218450,"UNIVERSITY OF MN ST. PAUL, MN US",07/14/2017,0.0,68,54,3194
USC00218450,"UNIVERSITY OF MN ST. PAUL, MN US",07/15/2017,0.0,75,58,3361
USC00218450,"UNIVERSITY OF MN ST. PAUL, MN US",07/16/2017,0.0,91,64,3192
USC00218450,"UNIVERSITY OF MN ST. PAUL, MN US",07/17/2017,0.0,82,66,2485
USC00218450,"UNIVERSITY OF MN ST. PAUL, MN US",07/18/2017,0.9,90,67,2053
USC00218450,"UNIVERSITY OF MN ST. PAUL, MN US",07/19/2017,0.04,78,59,2468
USC00218450,"UNIVERSITY OF MN ST. PAUL, MN US",07/20/2017,0.17,80,64,2675
USC00218450,"UNIVERSITY OF MN ST. PAUL, MN US",07/21/2017,0.0,86,65,2835
USC00218450,"UNIVERSITY OF MN ST. PAUL, MN US",07/22/2017,0.0,82,67,4133
USC00218450,"UNIVERSITY OF MN ST. PAUL, MN US",07/23/2017,0.01,87,65,3184
USC00218450,"UNIVERSITY OF MN ST. PAUL, MN US",07/24/2017,0.0,75,55,2807
USC00218450,"UNIVERSITY OF MN ST. PAUL, MN US",07/25/2017,0.0,77,60,1954
USC00218450,"UNIVERSITY OF MN ST. PAUL, MN US",07/26/2017,1.19,82,66,2291
USC00218450,"UNIVERSITY OF MN ST. PAUL, MN US",07/27/2017,0.0,81,64,2752
USC00218450,"UNIVERSITY OF MN ST. PAUL, MN US",07/28/2017,0.0,81,61,3167
USC00218450,"UNIVERSITY OF MN ST. PAUL, MN US",07/29/2017,0.0,82,59,3903
USC00218450,"UNIVERSITY OF MN ST. PAUL, MN US",07/30/2017,0.0,83,61,3229
USC00218450,"UNIVERSITY OF MN ST. PAUL, MN US",07/31/2017,0.0,84,64,2777
USC00218450,"UNIVERSITY OF MN ST. PAUL, MN US",08/01/2017,0.0,85,64,2751
USC00218450,"UNIVERSITY OF MN ST. PAUL, MN US",08/02/2017,0.0,85,63,2923
USC00218450,"UNIVERSITY OF MN ST. PAUL, MN US",08/03/2017,0.19,78,59,1122
USC00218450,"UNIVERSITY OF MN ST. PAUL, MN US",08/04/2017,0.43,60,51,3005
USC00218450,"UNIVERSITY OF MN ST. PAUL, MN US",08/05/2017,0.0,74,54,3270
USC00218450,"UNIVERSITY OF MN ST. PAUL, MN US",08/06/2017,0.19,75,57,2418
USC00218450,"UNIVERSITY OF MN ST. PAUL, MN US",08/07/2017,0.76,72,52,3046
USC00218450,"UNIVERSITY OF MN ST. PAUL, MN US",08/08/2017,0.0,77,58,2830
USC00218450,"UNIVERSITY OF MN ST. PAUL, MN US",08/09/2017,0.0,79,61,1119
USC00218450,"UNIVERSITY OF MN ST. PAUL, MN US",08/10/2017,0.9,67,59,2000
USC00218450,"UNIVERSITY OF MN ST. PAUL, MN US",08/11/2017,0.06,70,56,2944
USC00218450,"UNIVERSITY OF MN ST. PAUL, MN US",08/12/2017,0.0,76,53,3836
USC00218450,"UNIVERSITY OF MN ST. PAUL, MN US",08/13/2017,0.0,77,57,1538
USC00218450,"UNIVERSITY OF MN ST. PAUL, MN US",08/14/2017,1.72,68,59,2105
USC00218450,"UNIVERSITY OF MN ST. PAUL, MN US",08/15/2017,0.01,73,53,2569
USC00218450,"UNIVERSITY OF MN ST. PAUL, MN US",08/16/2017,0.55,76,58,1436
USC00218450,"UNIVERSITY OF MN ST. PAUL, MN US",08/17/2017,1.92,76,63,1878
USC00218450,"UNIVERSITY OF MN ST. PAUL, MN US",08/18/2017,0.01,70,58,1921
USC00218450,"UNIVERSITY OF MN ST. PAUL, MN US",08/19/2017,0.0,72,55,3393
USC00218450,"UNIVERSITY OF MN ST. PAUL, MN US",08/20/2017,0.0,78,59,2426
USC00218450,"UNIVERSITY OF MN ST. PAUL, MN US",08/21/2017,0.0,83,62,1545
USC00218450,"UNIVERSITY OF MN ST. PAUL, MN US",08/22/2017,0.05,78,58,2292
USC00218450,"UNIVERSITY OF MN ST. PAUL, MN US",08/23/2017,0.0,72,53,2529
USC00218450,"UNIVERSITY OF MN ST. PAUL, MN US",08/24/2017,0.0,72,53,2441
USC00218450,"UNIVERSITY OF MN ST. PAUL, MN US",08/25/2017,0.2,71,55,1606
USC00218450,"UNIVERSITY OF MN ST. PAUL, MN US",08/26/2017,1.59,68,55,695
USC00218450,"UNIVERSITY OF MN ST. PAUL, MN US",08/27/2017,0.09,65,59,1881
USC00218450,"UNIVERSITY OF MN ST. PAUL, MN US",08/28/2017,0.2,71,59,2052
USC00218450,"UNIVERSITY OF MN ST. PAUL, MN US",08/29/2017,0.0,71,54,2328
USC00218450,"UNIVERSITY OF MN ST. PAUL, MN US",08/30/2017,0.0,78,57,2298
USC00218450,"UNIVERSITY OF MN ST. PAUL, MN US",08/31/2017,0.02,80,52,2625
USC00218450,"UNIVERSITY OF MN ST. PAUL, MN US",09/01/2017,0.0,69,52,2457
USC00218450,"UNIVERSITY OF MN ST. PAUL, MN US",09/02/2017,0.0,70,53,3022
USC00218450,"UNIVERSITY OF MN ST. PAUL, MN US",09/03/2017,0.0,78,57,3375
USC00218450,"UNIVERSITY OF MN ST. PAUL, MN US",09/04/2017,0.0,83,59,2118
USC00218450,"UNIVERSITY OF MN ST. PAUL, MN US",09/05/2017,0.12,73,50,1943
USC00218450,"UNIVERSITY OF MN ST. PAUL, MN US",09/06/2017,0.01,62,46,2218
USC00218450,"UNIVERSITY OF MN ST. PAUL, MN US",09/07/2017,0.0,65,45,2270
USC00218450,"UNIVERSITY OF MN ST. PAUL, MN US",09/08/2017,0.0,65,45,2733
USC00218450,"UNIVERSITY OF MN ST. PAUL, MN US",09/09/2017,0.0,66,49,2993
USC00218450,"UNIVERSITY OF MN ST. PAUL, MN US",09/10/2017,0.0,72,52,2273
USC00218450,"UNIVERSITY OF MN ST. PAUL, MN US",09/11/2017,0.0,78,58,2902
USC00218450,"UNIVERSITY OF MN ST. PAUL, MN US",09/12/2017,0.0,79,58,2605
USC00218450,"UNIVERSITY OF MN ST. PAUL, MN US",09/13/2017,0.0,83,61,2666
USC00218450,"UNIVERSITY OF MN ST. PAUL, MN US",09/14/2017,0.0,84,63,2591
USC00218450,"UNIVERSITY OF MN ST. PAUL, MN US",09/15/2017,0.0,87,65,2715
USC00218450,"UNIVERSITY OF MN ST. PAUL, MN US",09/16/2017,0.0,80,68,2500
USC00218450,"UNIVERSITY OF MN ST. PAUL, MN US",09/17/2017,0.03,74,50,2181
USC00218450,"UNIVERSITY OF MN ST. PAUL, MN US",09/18/2017,0.0,64,49,1180
USC00218450,"UNIVERSITY OF MN ST. PAUL, MN US",09/19/2017,0.33,58,53,2399
USC00218450,"UNIVERSITY OF MN ST. PAUL, MN US",09/20/2017,0.25,77,58,2313
USC00218450,"UNIVERSITY OF MN ST. PAUL, MN US",09/21/2017,0.0,73,49,2472
USC00218450,"UNIVERSITY OF MN ST. PAUL, MN US",09/22/2017,0.0,80,52,2210
USC00218450,"UNIVERSITY OF MN ST. PAUL, MN US",09/23/2017,0.0,91,71,2567
USC00218450,"UNIVERSITY OF MN ST. PAUL, MN US",09/24/2017,0.0,86,68,2007
USC00218450,"UNIVERSITY OF MN ST. PAUL, MN US",09/25/2017,0.31,87,58,1524
USC00218450,"UNIVERSITY OF MN ST. PAUL, MN US",09/26/2017,0.19,60,55,1764
USC00218450,"UNIVERSITY OF MN ST. PAUL, MN US",09/27/2017,0.01,62,46,2066
USC00218450,"UNIVERSITY OF MN ST. PAUL, MN US",09/28/2017,0.0,64,46,2088
USC00218450,"UNIVERSITY OF MN ST. PAUL, MN US",09/29/2017,0.0,62,46,2467
USC00218450,"UNIVERSITY OF MN ST. PAUL, MN US",09/30/2017,0.0,62,44,2803
USC00218450,"UNIVERSITY OF MN ST. PAUL, MN US",10/01/2017,0.12,67,45,963
USC00218450,"UNIVERSITY OF MN ST. PAUL, MN US",10/02/2017,0.73,61,52,1185
USC00218450,"UNIVERSITY OF MN ST. PAUL, MN US",10/03/2017,2.05,69,53,1572
USC00218450,"UNIVERSITY OF MN ST. PAUL, MN US",10/04/2017,0.06,69,45,2101
USC00218450,"UNIVERSITY OF MN ST. PAUL, MN US",10/05/2017,0.0,57,44,1781
USC00218450,"UNIVERSITY OF MN ST. PAUL, MN US",10/06/2017,0.02,63,44,1190
USC00218450,"UNIVERSITY OF MN ST. PAUL, MN US",10/07/2017,0.65,58,46,1595
USC00218450,"UNIVERSITY OF MN ST. PAUL, MN US",10/08/2017,0.02,65,49,2252
USC00218450,"UNIVERSITY OF MN ST. PAUL, MN US",10/09/2017,0.0,68,44,1547
USC00218450,"UNIVERSITY OF MN ST. PAUL, MN US",10/10/2017,0.0,54,32,1434
USC00218450,"UNIVERSITY OF MN ST. PAUL, MN US",10/11/2017,0.0,50,32,1696
USC00218450,"UNIVERSITY OF MN ST. PAUL, MN US",10/12/2017,0.0,53,36,1637
USC00218450,"UNIVERSITY OF MN ST. PAUL, MN US",10/13/2017,0.0,62,45,1935
USC00218450,"UNIVERSITY OF MN ST. PAUL, MN US",10/14/2017,0.0,58,42,947
USC00218450,"UNIVERSITY OF MN ST. PAUL, MN US",10/15/2017,0.58,56,39,1267
USC00218450,"UNIVERSITY OF MN ST. PAUL, MN US",10/16/2017,0.0,51,38,1704
USC00218450,"UNIVERSITY OF MN ST. PAUL, MN US",10/17/2017,0.0,64,37,1817
USC00218450,"UNIVERSITY OF MN ST. PAUL, MN US",10/18/2017,0.0,71,44,1846
USC00218450,"UNIVERSITY OF MN ST. PAUL, MN US",10/19/2017,0.0,70,40,1889
USC00218450,"UNIVERSITY OF MN ST. PAUL, MN US",10/20/2017,0.0,71,39,2270
USC00218450,"UNIVERSITY OF MN ST. PAUL, MN US",10/21/2017,0.26,76,52,1055
USC00218450,"UNIVERSITY OF MN ST. PAUL, MN US",10/22/2017,0.12,66,48,1544
USC00218450,"UNIVERSITY OF MN ST. PAUL, MN US",10/23/2017,0.0,61,48,1292
USC00218450,"UNIVERSITY OF MN ST. PAUL, MN US",10/24/2017,0.0,58,40,1027
USC00218450,"UNIVERSITY OF MN ST. PAUL, MN US",10/25/2017,0.0,49,35,1332
USC00218450,"UNIVERSITY OF MN ST. PAUL, MN US",10/26/2017,0.0,55,35,1084
USC00218450,"UNIVERSITY OF MN ST. PAUL, MN US",10/27/2017,0.11,55,32,328
USC00218450,"UNIVERSITY OF MN ST. PAUL, MN US",10/28/2017,0.12,32,28,479
USC00218450,"UNIVERSITY OF MN ST. PAUL, MN US",10/29/2017,0.0,31,27,490
USC00218450,"UNIVERSITY OF MN ST. PAUL, MN US",10/30/2017,0.0,41,30,710
USC00218450,"UNIVERSITY OF MN ST. PAUL, MN US",10/31/2017,0.0,36,27,722
USC00218450,"UNIVERSITY OF MN ST. PAUL, MN US",11/01/2017,0.0,33,25,521
USC00218450,"UNIVERSITY OF MN ST. PAUL, MN US",11/02/2017,0.04,35,29,665
USC00218450,"UNIVERSITY OF MN ST. PAUL, MN US",11/03/2017,0.0,37,26,552
USC00218450,"UNIVERSITY OF MN ST. PAUL, MN US",11/04/2017,0.1,33,26,324
USC00218450,"UNIVERSITY OF MN ST. PAUL, MN US",11/05/2017,0.1,41,33,282
USC00218450,"UNIVERSITY OF MN ST. PAUL, MN US",11/06/2017,0.0,34,20,0
USC00218450,"UNIVERSITY OF MN ST. PAUL, MN US",11/07/2017,0.0,31,20,0
USC00218450,"UNIVERSITY OF MN ST. PAUL, MN US",11/08/2017,0.0,33,25,0
USC00218450,"UNIVERSITY OF MN ST. PAUL, MN US",11/09/2017,0.0,39,17,0
USC00218450,"UNIVERSITY OF MN ST. PAUL, MN US",11/10/2017,0.0,20,8,0
USC00218450,"UNIVERSITY OF MN ST. PAUL, MN US",11/11/2017,0.04,29,10,0
USC00218450,"UNIVERSITY OF MN ST. PAUL, MN US",11/12/2017,0.0,42,24,0
USC00218450,"UNIVERSITY OF MN ST. PAUL, MN US",11/13/2017,0.0,33,23,0
USC00218450,"UNIVERSITY OF MN ST. PAUL, MN US",11/14/2017,0.01,43,25,0
USC00218450,"UNIVERSITY OF MN ST. PAUL, MN US",11/15/2017,0.07,44,37,0
USC00218450,"UNIVERSITY OF MN ST. PAUL, MN US",11/16/2017,0.0,40,25,0
USC00218450,"UNIVERSITY OF MN ST. PAUL, MN US",11/17/2017,0.0,35,26,0
USC00218450,"UNIVERSITY OF MN ST. PAUL, MN US",11/18/2017,0.06,36,31,0
USC00218450,"UNIVERSITY OF MN ST. PAUL, MN US",11/19/2017,0.0,35,16,0
USC00218450,"UNIVERSITY OF MN ST. PAUL, MN US",11/20/2017,0.0,39,16,0
USC00218450,"UNIVERSITY OF MN ST. PAUL, MN US",11/21/2017,0.0,45,26,0
USC00218450,"UNIVERSITY OF MN ST. PAUL, MN US",11/22/2017,0.0,27,13,0
USC00218450,"UNIVERSITY OF MN ST. PAUL, MN US",11/23/2017,0.0,31,14,0
USC00218450,"UNIVERSITY OF MN ST. PAUL, MN US",11/24/2017,0.0,46,22,0
USC00218450,"UNIVERSITY OF MN ST. PAUL, MN US",11/25/2017,0.0,58,32,0
USC00218450,"UNIVERSITY OF MN ST. PAUL, MN US",11/26/2017,0.0,37,24,0
USC00218450,"UNIVERSITY OF MN ST. PAUL, MN US",11/27/2017,0.0,48,28,0
USC00218450,"UNIVERSITY OF MN ST. PAUL, MN US",11/28/2017,0.0,58,35,0
USC00218450,"UNIVERSITY OF MN ST. PAUL, MN US",11/29/2017,0.0,50,24,0
USC00218450,"UNIVERSITY OF MN ST. PAUL, MN US",11/30/2017,0.0,44,24,0
USC00218450,"UNIVERSITY OF MN ST. PAUL, MN US",12/01/2017,0.0,46,27,0
USC00218450,"UNIVERSITY OF MN ST. PAUL, MN US",12/02/2017,0.0,48,28,0
USC00218450,"UNIVERSITY OF MN ST. PAUL, MN US",12/03/2017,0.0,45,28,0
USC00218450,"UNIVERSITY OF MN ST. PAUL, MN US",12/04/2017,0.0,51,29,0
USC00218450,"UNIVERSITY OF MN ST. PAUL, MN US",12/05/2017,0.3,55,15,0
USC00218450,"UNIVERSITY OF MN ST. PAUL, MN US",12/06/2017,0.0,19,14,0
USC00218450,"UNIVERSITY OF MN ST. PAUL, MN US",12/07/2017,0.01,17,6,0
USC00218450,"UNIVERSITY OF MN ST. PAUL, MN US",12/08/2017,0.0,22,6,0
USC00218450,"UNIVERSITY OF MN ST. PAUL, MN US",12/09/2017,0.01,30,18,0
USC00218450,"UNIVERSITY OF MN ST. PAUL, MN US",12/10/2017,0.0,22,16,0
USC00218450,"UNIVERSITY OF MN ST. PAUL, MN US",12/11/2017,0.14,27,19,0
USC00218450,"UNIVERSITY OF MN ST. PAUL, MN US",12/12/2017,0.0,33,5,0
USC00218450,"UNIVERSITY OF MN ST. PAUL, MN US",12/13/2017,0.03,27,4,0
USC00218450,"UNIVERSITY OF MN ST. PAUL, MN US",12/14/2017,0.0,26,14,0
USC00218450,"UNIVERSITY OF MN ST. PAUL, MN US",12/15/2017,0.0,21,10,0
USC00218450,"UNIVERSITY OF MN ST. PAUL, MN US",12/16/2017,0.05,28,19,0
USC00218450,"UNIVERSITY OF MN ST. PAUL, MN US",12/17/2017,0.0,27,16,0
USC00218450,"UNIVERSITY OF MN ST. PAUL, MN US",12/18/2017,0.0,26,19,0
USC00218450,"UNIVERSITY OF MN ST. PAUL, MN US",12/19/2017,0.0,41,24,0
USC00218450,"UNIVERSITY OF MN ST. PAUL, MN US",12/20/2017,0.0,32,15,0
USC00218450,"UNIVERSITY OF MN ST. PAUL, MN US",12/21/2017,0.01,18,15,0
USC00218450,"UNIVERSITY OF MN ST. PAUL, MN US",12/22/2017,0.0,21,15,0
USC00218450,"UNIVERSITY OF MN ST. PAUL, MN US",12/23/2017,0.0,24,9,0
USC00218450,"UNIVERSITY OF MN ST. PAUL, MN US",12/24/2017,0.0,20,9,0
USC00218450,"UNIVERSITY OF MN ST. PAUL, MN US",12/25/2017,0.0,20,-1,0
USC00218450,"UNIVERSITY OF MN ST. PAUL, MN US",12/26/2017,0.0,0,-10,0
USC00218450,"UNIVERSITY OF MN ST. PAUL, MN US",12/27/2017,0.0,-2,-11,0
USC00218450,"UNIVERSITY OF MN ST. PAUL, MN US",12/28/2017,0.05,4,-10,0
USC00218450,"UNIVERSITY OF MN ST. PAUL, MN US",12/29/2017,0.01,10,-4,0
USC00218450,"UNIVERSITY OF MN ST. PAUL, MN US",12/30/2017,0.01,0,-16,0
USC00218450,"UNIVERSITY OF MN ST. PAUL, MN US",12/31/2017,0.0,-8,-17,0
